trades,win_rate_pct,expectancy_pct,total_pnl_usd,final_capital
1.0,0.0,-0.030593295728244357,-6.118659145648053,9993.881340854352
