{
  "config": {
    "split_date": "2025-04-01 00:00:00",
    "recent_months": 6,
    "lookback": 400,
    "sl_atr_mult": 2.0,
    "tp_atr_mult": 4.0,
    "max_hold_bars": 8,
    "sample_count": 30,
    "temperature": 0.8,
    "top_p": 0.6
  },
  "four_hour": {
    "full_suite": {
      "direct": {
        "final_value": 138.29019590385857,
        "total_return": -30.854902048070716,
        "total_trades": 579,
        "win_rate": 48.35924006908463,
        "profit_factor": 0.8888046975033198,
        "max_drawdown": 35.78268621731827,
        "sharpe": -1.240123655834763,
        "avg_pnl": -0.07477738270148099,
        "long_trades": 281,
        "short_trades": 298,
        "long_wr": 48.04270462633452,
        "short_wr": 48.65771812080537,
        "sl_rate": 26.770293609671846,
        "tp_rate": 2.5906735751295336,
        "expectancy": -0.07477738270148099
      },
      "contrarian": {
        "final_value": 198.04485396499294,
        "total_return": -0.9775730175035308,
        "total_trades": 572,
        "win_rate": 48.42657342657343,
        "profit_factor": 1.0490434317098312,
        "max_drawdown": 16.67357604480005,
        "sharpe": -0.18687165524680366,
        "avg_pnl": 0.035849469570219936,
        "long_trades": 307,
        "short_trades": 265,
        "long_wr": 50.1628664495114,
        "short_wr": 46.41509433962264,
        "sl_rate": 23.426573426573427,
        "tp_rate": 4.545454545454546,
        "expectancy": 0.035849469570219936
      },
      "trend": {
        "final_value": 188.296910076972,
        "total_return": -5.851544961513994,
        "total_trades": 323,
        "win_rate": 46.13003095975232,
        "profit_factor": 1.008084170431856,
        "max_drawdown": 22.91163475606685,
        "sharpe": -0.5159566735686931,
        "avg_pnl": 0.006788378562383831,
        "long_trades": 158,
        "short_trades": 165,
        "long_wr": 51.26582278481012,
        "short_wr": 41.21212121212121,
        "sl_rate": 24.148606811145513,
        "tp_rate": 4.3343653250774,
        "expectancy": 0.006788378562383831
      },
      "contrarian_trend": {
        "final_value": 163.02125934018636,
        "total_return": -18.48937032990682,
        "total_trades": 475,
        "win_rate": 45.473684210526315,
        "profit_factor": 0.9495545865926968,
        "max_drawdown": 32.22557401716343,
        "sharpe": -0.8281799509618383,
        "avg_pnl": -0.03953019246269542,
        "long_trades": 250,
        "short_trades": 225,
        "long_wr": 45.2,
        "short_wr": 45.77777777777778,
        "sl_rate": 22.736842105263158,
        "tp_rate": 3.578947368421052,
        "expectancy": -0.03953019246269542
      }
    },
    "contrarian_windows": {
      "full": {
        "final_value": 198.04485396499294,
        "total_return": -0.9775730175035308,
        "total_trades": 572,
        "win_rate": 48.42657342657343,
        "profit_factor": 1.0490434317098312,
        "max_drawdown": 16.67357604480005,
        "sharpe": -0.18687165524680366,
        "avg_pnl": 0.035849469570219936,
        "long_trades": 307,
        "short_trades": 265,
        "long_wr": 50.1628664495114,
        "short_wr": 46.41509433962264,
        "sl_rate": 23.426573426573427,
        "tp_rate": 4.545454545454546,
        "expectancy": 0.035849469570219936
      },
      "first_half": {
        "final_value": 198.3289531951021,
        "total_return": -0.8355234024489561,
        "total_trades": 252,
        "win_rate": 47.61904761904761,
        "profit_factor": 1.0399920743524702,
        "max_drawdown": 16.67357604480005,
        "sharpe": -0.19157074052913875,
        "avg_pnl": 0.03133701508022045,
        "long_trades": 142,
        "short_trades": 110,
        "long_wr": 50.70422535211267,
        "short_wr": 43.63636363636363,
        "sl_rate": 23.809523809523807,
        "tp_rate": 3.968253968253968,
        "expectancy": 0.03133701508022045
      },
      "second_half": {
        "final_value": 200.11418151766816,
        "total_return": 0.05709075883407877,
        "total_trades": 320,
        "win_rate": 49.0625,
        "profit_factor": 1.0590493365168159,
        "max_drawdown": 14.323992158121241,
        "sharpe": -0.18334421374749704,
        "avg_pnl": 0.04106864500595757,
        "long_trades": 165,
        "short_trades": 155,
        "long_wr": 49.696969696969695,
        "short_wr": 48.38709677419355,
        "sl_rate": 23.125,
        "tp_rate": 5.0,
        "expectancy": 0.04106864500595757
      }
    }
  },
  "one_hour": {
    "recent_contrarian": {
      "final_value": 158.45515209505672,
      "total_return": -20.77242395247164,
      "total_trades": 557,
      "win_rate": 42.190305206463194,
      "profit_factor": 0.8967978707468961,
      "max_drawdown": 27.93686242848536,
      "sharpe": -1.740300168685574,
      "avg_pnl": -0.03803970499517493,
      "long_trades": 274,
      "short_trades": 283,
      "long_wr": 40.87591240875913,
      "short_wr": 43.46289752650176,
      "sl_rate": 22.621184919210055,
      "tp_rate": 3.052064631956912,
      "expectancy": -0.03803970499517493
    }
  }
}