{
  "direct": {
    "final_value": 138.29019590385857,
    "total_return": -30.854902048070716,
    "total_trades": 579,
    "win_rate": 48.35924006908463,
    "profit_factor": 0.8888046975033198,
    "max_drawdown": 35.78268621731827,
    "sharpe": -1.240123655834763,
    "avg_pnl": -0.07477738270148099,
    "long_trades": 281,
    "short_trades": 298,
    "long_wr": 48.04270462633452,
    "short_wr": 48.65771812080537,
    "sl_rate": 26.770293609671846,
    "tp_rate": 2.5906735751295336,
    "expectancy": -0.07477738270148099
  },
  "contrarian": {
    "final_value": 198.04485396499294,
    "total_return": -0.9775730175035308,
    "total_trades": 572,
    "win_rate": 48.42657342657343,
    "profit_factor": 1.0490434317098312,
    "max_drawdown": 16.67357604480005,
    "sharpe": -0.18687165524680366,
    "avg_pnl": 0.035849469570219936,
    "long_trades": 307,
    "short_trades": 265,
    "long_wr": 50.1628664495114,
    "short_wr": 46.41509433962264,
    "sl_rate": 23.426573426573427,
    "tp_rate": 4.545454545454546,
    "expectancy": 0.035849469570219936
  },
  "trend": {
    "final_value": 188.296910076972,
    "total_return": -5.851544961513994,
    "total_trades": 323,
    "win_rate": 46.13003095975232,
    "profit_factor": 1.008084170431856,
    "max_drawdown": 22.91163475606685,
    "sharpe": -0.5159566735686931,
    "avg_pnl": 0.006788378562383831,
    "long_trades": 158,
    "short_trades": 165,
    "long_wr": 51.26582278481012,
    "short_wr": 41.21212121212121,
    "sl_rate": 24.148606811145513,
    "tp_rate": 4.3343653250774,
    "expectancy": 0.006788378562383831
  },
  "contrarian_trend": {
    "final_value": 163.02125934018636,
    "total_return": -18.48937032990682,
    "total_trades": 475,
    "win_rate": 45.473684210526315,
    "profit_factor": 0.9495545865926968,
    "max_drawdown": 32.22557401716343,
    "sharpe": -0.8281799509618383,
    "avg_pnl": -0.03953019246269542,
    "long_trades": 250,
    "short_trades": 225,
    "long_wr": 45.2,
    "short_wr": 45.77777777777778,
    "sl_rate": 22.736842105263158,
    "tp_rate": 3.578947368421052,
    "expectancy": -0.03953019246269542
  }
}