{
  "full": {
    "ret": 35.212852845398714,
    "trades": 562,
    "wr": 49.46619217081851,
    "pf": 1.208958980713146,
    "mdd": 10.840282638892297
  },
  "h1": {
    "ret": 22.07146621569757,
    "trades": 253,
    "wr": 50.59288537549407,
    "pf": 1.274907210792056,
    "mdd": 9.083682709739003
  },
  "h2": {
    "ret": 0.0,
    "trades": 0,
    "wr": 0,
    "pf": 0,
    "mdd": 0
  },
  "1h": {
    "ret": -14.432019795579137,
    "trades": 490,
    "wr": 45.102040816326536,
    "pf": 0.9437431378262366,
    "mdd": 23.55696247355156
  },
  "best": [
    2,
    4,
    8
  ],
  "robust": false
}