{
  "kronos_trend": {
    "final_value": 189.56091806010085,
    "total_return": -5.219540969949577,
    "total_trades": 286,
    "win_rate": 45.10489510489511,
    "profit_factor": 1.0041684173324195,
    "max_drawdown": 18.683750946701082,
    "sharpe": -0.565356339611012,
    "avg_pnl": 0.0030950061912976673,
    "long_trades": 132,
    "short_trades": 154,
    "long_wr": 46.21212121212121,
    "short_wr": 44.15584415584416,
    "sl_rate": 22.02797202797203,
    "tp_rate": 3.8461538461538463,
    "expectancy": 0.0030950061912976673
  },
  "kronos_long_only": {
    "final_value": 192.5519570603136,
    "total_return": -3.7240214698431946,
    "total_trades": 151,
    "win_rate": 47.682119205298015,
    "profit_factor": 0.9871616060494188,
    "max_drawdown": 15.440362562461992,
    "sharpe": -0.7152508686414648,
    "avg_pnl": -0.009789548589086587,
    "long_trades": 151,
    "short_trades": 0,
    "long_wr": 47.682119205298015,
    "short_wr": 0,
    "sl_rate": 21.192052980132452,
    "tp_rate": 4.635761589403973,
    "expectancy": -0.009789548589086587
  },
  "kronos_tight": {
    "final_value": 186.99168051246397,
    "total_return": -6.504159743768014,
    "total_trades": 127,
    "win_rate": 50.39370078740157,
    "profit_factor": 0.9186953875691752,
    "max_drawdown": 13.1487151257692,
    "sharpe": -0.9606923997143275,
    "avg_pnl": -0.06377770909245256,
    "long_trades": 127,
    "short_trades": 0,
    "long_wr": 50.39370078740157,
    "short_wr": 0,
    "sl_rate": 23.62204724409449,
    "tp_rate": 3.937007874015748,
    "expectancy": -0.06377770909245256
  },
  "buy_hold_return": 2.922119374631249
}