{
  "config": {
    "data_file": "btc_usdt_4h_unified.csv",
    "split_date": "2025-04-01 00:00:00",
    "pivot_length": 7,
    "price_tolerance": 0.015,
    "min_high_count": 3,
    "bb_period": 20,
    "bb_std": 1.8,
    "atr_period": 14,
    "sl_atr_mult": 2.5,
    "tp_atr_mult": 4.0,
    "max_hold_bars": 15,
    "volume_mult": 2.5,
    "regime_lookback": 50,
    "initial_cash": 200.0,
    "commission": 0.00035,
    "slippage": 0.001,
    "risk_per_trade": 0.02,
    "max_position_pct": 0.4
  },
  "full_period": {
    "final_value": 208.18148231651696,
    "total_return": 4.090741158258481,
    "total_trades": 2,
    "win_rate": 100.0,
    "profit_factor": Infinity,
    "max_drawdown": 0.5510910451551014,
    "sharpe": -1.8231607443808135,
    "avg_pnl": 4.200210550373888,
    "long_trades": 2,
    "short_trades": 0,
    "long_wr": 100.0,
    "short_wr": 0,
    "sl_rate": 0.0,
    "tp_rate": 50.0,
    "expectancy": 4.200210550373888
  },
  "in_sample": {
    "final_value": 205.4421930199793,
    "total_return": 2.72109650998965,
    "total_trades": 1,
    "win_rate": 100.0,
    "profit_factor": Infinity,
    "max_drawdown": 0.5510910451551014,
    "sharpe": -1.0048118970434685,
    "avg_pnl": 5.550193019979324,
    "long_trades": 1,
    "short_trades": 0,
    "long_wr": 100.0,
    "short_wr": 0,
    "sl_rate": 0.0,
    "tp_rate": 0.0,
    "expectancy": 5.550193019979324
  },
  "out_of_sample": {
    "final_value": 202.66672513203872,
    "total_return": 1.3333625660193604,
    "total_trades": 1,
    "win_rate": 100.0,
    "profit_factor": Infinity,
    "max_drawdown": 0.331664335782555,
    "sharpe": -3.944026996612834,
    "avg_pnl": 2.7747251320387396,
    "long_trades": 1,
    "short_trades": 0,
    "long_wr": 100.0,
    "short_wr": 0,
    "sl_rate": 0.0,
    "tp_rate": 100.0,
    "expectancy": 2.7747251320387396
  },
  "recent_months": {
    "final_value": 202.66672513203872,
    "total_return": 1.3333625660193604,
    "total_trades": 1,
    "win_rate": 100.0,
    "profit_factor": Infinity,
    "max_drawdown": 0.331664335782555,
    "sharpe": -1.5350205783004451,
    "avg_pnl": 2.7747251320387396,
    "long_trades": 1,
    "short_trades": 0,
    "long_wr": 100.0,
    "short_wr": 0,
    "sl_rate": 0.0,
    "tp_rate": 100.0,
    "expectancy": 2.7747251320387396
  }
}