{
  "config": {
    "data_file": "btc_usdt_4h_unified.csv",
    "split_date": "2025-04-01 00:00:00",
    "pivot_length": 7,
    "price_tolerance": 0.02,
    "min_high_count": 2,
    "bb_period": 20,
    "bb_std": 2.0,
    "atr_period": 14,
    "sl_atr_mult": 2.5,
    "tp_atr_mult": 4.5,
    "max_hold_bars": 25,
    "volume_mult": 1.8,
    "regime_lookback": 50,
    "initial_cash": 200.0,
    "commission": 0.00035,
    "slippage": 0.001,
    "risk_per_trade": 0.02,
    "max_position_pct": 0.4
  },
  "full_period": {
    "final_value": 213.2566152257153,
    "total_return": 6.628307612857654,
    "total_trades": 7,
    "win_rate": 71.42857142857143,
    "profit_factor": 7.563626261344595,
    "max_drawdown": 1.9245678589641397,
    "sharpe": -0.43005450427384545,
    "avg_pnl": 2.006025608447122,
    "long_trades": 7,
    "short_trades": 0,
    "long_wr": 71.42857142857143,
    "short_wr": 0,
    "sl_rate": 0.0,
    "tp_rate": 28.57142857142857,
    "expectancy": 2.006025608447122
  },
  "in_sample": {
    "final_value": 210.7433806103886,
    "total_return": 5.371690305194306,
    "total_trades": 4,
    "win_rate": 75.0,
    "profit_factor": 9.456148917736078,
    "max_drawdown": 1.452472463518626,
    "sharpe": 0.21848323983738968,
    "avg_pnl": 2.7969404620358285,
    "long_trades": 4,
    "short_trades": 0,
    "long_wr": 75.0,
    "short_wr": 0,
    "sl_rate": 0.0,
    "tp_rate": 25.0,
    "expectancy": 2.7969404620358285
  },
  "out_of_sample": {
    "final_value": 202.38511369424504,
    "total_return": 1.1925568471225176,
    "total_trades": 3,
    "win_rate": 66.66666666666666,
    "profit_factor": 4.496514769562658,
    "max_drawdown": 1.3728926566709603,
    "sharpe": -2.893139253080789,
    "avg_pnl": 0.9029678346935887,
    "long_trades": 3,
    "short_trades": 0,
    "long_wr": 66.66666666666666,
    "short_wr": 0,
    "sl_rate": 0.0,
    "tp_rate": 33.33333333333333,
    "expectancy": 0.9029678346935887
  },
  "recent_months": {
    "final_value": 203.03081168677403,
    "total_return": 1.5154058433870148,
    "total_trades": 1,
    "win_rate": 100.0,
    "profit_factor": Infinity,
    "max_drawdown": 0.332528414948102,
    "sharpe": -1.1702881614311718,
    "avg_pnl": 3.1388116867740243,
    "long_trades": 1,
    "short_trades": 0,
    "long_wr": 100.0,
    "short_wr": 0,
    "sl_rate": 0.0,
    "tp_rate": 100.0,
    "expectancy": 3.1388116867740243
  }
}