total_return_pct,win_rate_pct,expectancy_pct,max_dd_pct,trades,sharpe
11479.10713613223,52.646651560926486,0.3612508539820062,-24.309995195852363,31776,17.551378717011975
